titre,prix,ville,surface,chambres,salle_de_bain,etage,lien
Studio à louer 50 m² à Val d'Anfa,7 500 DH,"Appartements dans Casablanca, Val d'Anfa",50 m²,1 chambre,1 sdb,Étage 2,https://www.avito.ma/fr/val_d_anfa/appartements/Studio_%C3%A0_louer_50_m%C2%B2_%C3%A0_Val_d_Anfa_57634457.htm
Appartement à louer 100 m² à Temara,6 000 DH,"Appartements dans Temara, Wifak",100 m²,3 chambres,2 sdbs,Étage 3,https://www.avito.ma/fr/wifak/appartements/Appartement_%C3%A0_louer_100_m%C2%B2_%C3%A0_Temara_57559114.htm
Studio meublé neuf en location à bd anoual,6 500 DH,"Appartements dans Casablanca, 2 Mars",44 m²,1 chambre,1 sdb,Étage 3,https://www.avito.ma/fr/2_mars/appartements/Studio_meubl%C3%A9_neuf_en_location_%C3%A0_bd_anoual_56942546.htm
Studio Neuf meublé de Luxe à OASIS,8 000 DH,"Appartements dans Casablanca, Oasis",53 m²,1 chambre,1 sdb,Étage 1,https://www.avito.ma/fr/oasis/appartements/Studio_Neuf_meubl%C3%A9_de_Luxe_%C3%A0_OASIS_57872489.htm
Appartement Meublé Neuf avec terrasse à Maarif,10 000 DH,"Appartements dans Casablanca, Maârif Extension",118 m²,2 chambres,2 sdbs,Étage 4,https://www.avito.ma/fr/ma%C3%A2rif_extension/appartements/Appartement_Meubl%C3%A9_Neuf_avec_terrasse_%C3%A0_Maarif_57872982.htm
Appartement à louer 185m² à Kénitra,10 000 DH,"Appartements dans Kénitra, Mimosas",190 m²,3 chambres,2 sdbs,Étage 1,https://www.avito.ma/fr/mimosas/appartements/Appartement_%C3%A0_louer_185m%C2%B2_%C3%A0_K%C3%A9nitra_56276265.htm
Appartement meublé haut standing proche de CFC,8 500 DH,"Appartements dans Casablanca, Beauséjour",85 m²,2 chambres,2 sdbs,Étage 2,https://www.avito.ma/fr/beaus%C3%A9jour/appartements/Appartement_meubl%C3%A9_haut_standing_proche_de_CFC_57871672.htm
Appartement à louer,50 000 DH,"Appartements dans Marrakech, Route de Casablanca",56 m²,2 chambres,1 sdb,Étage 1,https://www.avito.ma/fr/route_de_casablanca/appartements/Appartement_%C3%A0_louer_57293627.htm
Appartement meublé - Maamoura - Salé El Jadida,5 500 DH,"Appartements dans Salé, Sala El Jadida",84 m²,2 chambres,2 sdbs,Étage 1,https://www.avito.ma/fr/sala_el_jadida/appartements/Appartement_meubl%C3%A9___Maamoura___Sal%C3%A9_El_Jadida_57428731.htm
À louer bel appartement meublé à Agadir,7 000 DH,"Appartements dans Agadir, Le centre-ville",85 m²,2 chambres,1 sdb,Étage 1,https://www.avito.ma/fr/le_centre_ville/appartements/%C3%80_louer_bel_appartement_meubl%C3%A9_%C3%A0_Agadir_57581997.htm
Appartement meublé à loué sur l'Agdal,20 000 DH,"Appartements dans Rabat, Agdal",160 m²,3 chambres,3 sdbs,Étage 2,https://www.avito.ma/fr/agdal/appartements/Appartement_meubl%C3%A9_%C3%A0_lou%C3%A9_sur_l_Agdal_57205525.htm
Studio LUX à louer meublé neuf à Gauthier,9 000 DH,"Appartements dans Casablanca, Gauthier",66 m²,1 chambre,2 sdbs,Étage 3,https://www.avito.ma/fr/gauthier/appartements/Studio_LUX_%C3%A0_louer_meubl%C3%A9_neuf_%C3%A0_Gauthier_57746441.htm
Très joli appartement à louer,7 000 DH,"Appartements dans Casablanca, Abdelmoumen",95 m²,2 chambres,2 sdbs,Étage 3,https://www.avito.ma/fr/abdelmoumen/appartements/Tr%C3%A8s_joli_appartement_%C3%A0_louer_57854538.htm
Studio meublé avec salon et terrasse à louer Mers Sultan,5 200 DH,"Appartements dans Casablanca, Mers Sultan",55 m²,1 chambre,1 sdb,Étage 3,https://www.avito.ma/fr/mers_sultan/appartements/Studio_meubl%C3%A9_avec_salon_et_terrasse_%C3%A0_louer_Mers_Sultan_57849539.htm
Appartement à louer 127 m² à Casablanca,9 000 DH,"Appartements dans Casablanca, Beauséjour",127 m²,3 chambres,1 sdb,Étage 5,https://www.avito.ma/fr/beaus%C3%A9jour/appartements/Appartement_%C3%A0_louer_127_m%C2%B2_%C3%A0_Casablanca_57792426.htm
Studio meublé neuf à Palmier,6 500 DH,"Appartements dans Casablanca, Abdelmoumen",38 m²,1 chambre,1 sdb,Étage 2,https://www.avito.ma/fr/abdelmoumen/appartements/Studio_meubl%C3%A9_neuf_%C3%A0_Palmier_57711298.htm
Appartement neuf meublé à louer 50 m² à Bachkou,8 500 DH,"Appartements dans Casablanca, Bachkou",42 m²,1 chambre,1 sdb,Étage 5,https://www.avito.ma/fr/bachkou/appartements/Appartement_neuf_meubl%C3%A9_%C3%A0_louer_50_m%C2%B2_%C3%A0_Bachkou_57457979.htm
Appartement à louer sur Souissi Orangeraie,22 000 DH,"Appartements dans Rabat, Souissi",150 m²,3 chambres,3 sdbs,Étage 3,https://www.avito.ma/fr/souissi/appartements/Appartement_%C3%A0_louer_sur_Souissi_Orangeraie_57650709.htm
Appartement meublé à louer sur l'Agdal,10 000 DH,"Appartements dans Rabat, Agdal",110 m²,2 chambres,2 sdbs,Étage 3,https://www.avito.ma/fr/agdal/appartements/Appartement_meubl%C3%A9_%C3%A0_louer_sur_l_Agdal_57745359.htm
Studio meublé 43m² Anfa,5 500 DH,"Appartements dans Casablanca, Anfa",43 m²,1 chambre,1 sdb,Étage 2,https://www.avito.ma/fr/anfa/appartements/Studio_meubl%C3%A9_43m%C2%B2_Anfa_57692423.htm
Studio Meublé Neuf à louer,7 000 DH,"Appartements dans Casablanca, Quartier des Hôpitaux",45 m²,1 chambre,1 sdb,Étage 4,https://www.avito.ma/fr/quartier_des_h%C3%B4pitaux/appartements/Studio_Meubl%C3%A9_Neuf_%C3%A0_louer_56796142.htm
Magnifique Appart à louer 240 m² à Ahlan Tanger,12 000 DH,"Appartements dans Tanger, Ahlane",270 m²,5 chambres,4 sdbs,Étage 3,https://www.avito.ma/fr/ahlane/appartements/Magnifique_Appart_%C3%A0_louer_240_m%C2%B2_%C3%A0_Ahlan_Tanger__57872910.htm
Appartement meublé à louer sur l'Agdal,14 000 DH,"Appartements dans Rabat, Agdal",115 m²,2 chambres,2 sdbs,Étage 1,https://www.avito.ma/fr/agdal/appartements/Appartement_meubl%C3%A9_%C3%A0_louer_sur_l_Agdal_57650755.htm
Appartement de luxe à louer dans le quartier de Birkou,5 000 DH,"Appartements dans Berrechid, Toute la ville",110 m²,3 chambres,2 sdbs,Étage 1,https://www.avito.ma/fr/berrechid/appartements/Appartement_de_luxe_%C3%A0_louer_dans_le_quartier_de_Birkou_57720725.htm
Joli appartement vue piscine et parking sous sol,8 000 DH,"Appartements dans Marrakech, Guéliz",75 m²,2 chambres,2 sdbs,Étage 4,https://www.avito.ma/fr/gu%C3%A9liz/appartements/Joli_appartement_vue_piscine_et_parking_sous_sol_57642221.htm
Studio luxe meublé Val Fleuri,7 500 DH,"Appartements dans Casablanca, Val Fleuri",50 m²,1 chambre,1 sdb,Étage 3,https://www.avito.ma/fr/val_fleuri/appartements/Studio_luxe_meubl%C3%A9_Val_Fleuri_57215916.htm
Studio 50m Meublé Bd Bourgogne,5 000 DH,"Appartements dans Casablanca, Bourgogne",50 m²,1 chambre,1 sdb,Étage 3,https://www.avito.ma/fr/bourgogne/appartements/Studio_50m_Meubl%C3%A9_Bd_Bourgogne_57746353.htm
Location Appartement meublé à Hay Riad,18 000 DH,"Appartements dans Rabat, Hay Riad",130 m²,3 chambres,2 sdbs,Étage 4,https://www.avito.ma/fr/hay_riad/appartements/Location_Appartement_meubl%C3%A9_%C3%A0_Hay_Riad_57805718.htm
Studio meublé 45m² CentreVille TRAM,5 300 DH,"Appartements dans Casablanca, Centre Ville",45 m²,1 chambre,1 sdb,Étage 12,https://www.avito.ma/fr/centre_ville/appartements/Studio_meubl%C3%A9_45m%C2%B2_CentreVille_TRAM_57603656.htm
Appartement meublé haut standing à louer,13 000 DH,"Appartements dans Marrakech, Route de Safi",84 m²,2 chambres,2 sdbs,Étage 4,https://www.avito.ma/fr/route_de_safi/appartements/Appartement_meubl%C3%A9_haut_standing_%C3%A0_louer_57844730.htm
Superbe appartement meublé à louer - La Gironde,6 500 DH,"Appartements dans Casablanca, La Gironde",88 m²,2 chambres,1 sdb,Étage 2,https://www.avito.ma/fr/la_gironde/appartements/Superbe_appartement_meubl%C3%A9_%C3%A0_louer___La_Gironde_57778904.htm
Appart 110m Meublé Neuf Maarif Ex Près Carrefour,7 500 DH,"Appartements dans Casablanca, Maârif Extension",110 m²,2 chambres,2 sdbs,Étage 4,https://www.avito.ma/fr/ma%C3%A2rif_extension/appartements/Appart_110m_Meubl%C3%A9_Neuf_Maarif_Ex_Pr%C3%A8s_Carrefour_57731212.htm
Appartement à louer 80 m² à Casablanca,6 500 DH,"Appartements dans Casablanca, 2 Mars",80 m²,2 chambres,2 sdbs,Rez de chaussée,https://www.avito.ma/fr/2_mars/appartements/Appartement_%C3%A0_louer_80_m%C2%B2_%C3%A0_Casablanca_56771875.htm
Appartement Meublé à louer à El Jadida,8 000 DH,"Appartements dans El Jadida, Autre secteur",82 m²,2 chambres,2 sdbs,Rez de chaussée,https://www.avito.ma/fr/autre_secteur/appartements/Appartement_Meubl%C3%A9_%C3%A0_louer_%C3%A0_El_Jadida_57775646.htm
Appartement à louer à Plage des Nations,13 000 DH,"Appartements dans Sidi Bouknadel, Toute la ville",130 m²,3 chambres,2 sdbs,Étage 1,https://www.avito.ma/fr/sidi_bouknadel/appartements/Appartement_%C3%A0_louer_%C3%A0_Plage_des_Nations_57186615.htm
Appartement terrasse meublé 120 m² Val Fleuri,10 000 DH,"Appartements dans Casablanca, Val Fleuri",120 m²,2 chambres,2 sdbs,Étage 4,https://www.avito.ma/fr/val_fleuri/appartements/Appartement_terrasse_meubl%C3%A9_120_m%C2%B2_Val_Fleuri_57670597.htm
F2 à louer résidence Kettani,6 000 DH,"Appartements dans Agadir, Riad Salam",75 m²,1 chambre,2 sdbs,Étage 3,https://www.avito.ma/fr/riad_salam/appartements/F2_%C3%A0_louer_r%C3%A9sidence_Kettani_57872826.htm
Studio terrasse meublé Mers Sultan,5 500 DH,"Appartements dans Casablanca, Mers Sultan",60 m²,1 chambre,1 sdb,Étage 4,https://www.avito.ma/fr/mers_sultan/appartements/Studio_terrasse_meubl%C3%A9_Mers_Sultan_57610249.htm
Appartement 2 pièces 70m2 meublé,25 000 DH,"Appartements dans Marrakech, Hivernage",70 m²,1 chambre,1 sdb,Étage 1,https://www.avito.ma/fr/hivernage/appartements/Appartement_2_pi%C3%A8ces_70m2_meubl%C3%A9_57862131.htm
Appart 2 ch salon vide en location belvédère,5 500 DH,"Appartements dans Casablanca, Belvédère",76 m²,2 chambres,2 sdbs,Étage 1,https://www.avito.ma/fr/belv%C3%A9d%C3%A8re/appartements/Appart_2_ch_salon_vide_en_location_belv%C3%A9d%C3%A8re_56929806.htm
Appartement de prestige à louer à Tanger,15 000 DH,"Appartements dans Tanger, Malabata",100 m²,2 chambres,2 sdbs,Étage 3,https://www.avito.ma/fr/malabata/appartements/Appartement_de_prestige_%C3%A0_louer_%C3%A0_Tanger_57775474.htm
Appartement à louer sur Hay Riad Prestigia,12 000 DH,"Appartements dans Rabat, Hay Riad",150 m²,3 chambres,3 sdbs,Rez de chaussée,https://www.avito.ma/fr/hay_riad/appartements/Appartement_%C3%A0_louer_sur_Hay_Riad_Prestigia_57857263.htm
Appartement à louer 90 m² à Casablanca,8 000 DH,"Appartements dans Casablanca, Maarif",90 m²,2 chambres,1 sdb,Étage 4,https://www.avito.ma/fr/maarif/appartements/Appartement_%C3%A0_louer_90_m%C2%B2_%C3%A0_Casablanca_57872101.htm
Appartement à louer 100 m² à sidi maarouf,5 600 DH,"Appartements dans Casablanca, Sidi Maarouf",100 m²,3 chambres,2 sdbs,Rez de chaussée,https://www.avito.ma/fr/sidi_maarouf/appartements/Appartement_%C3%A0_louer_100_m%C2%B2_%C3%A0_sidi_maarouf_57730154.htm
Propriétaire direct / Appartement deux chambres CFC,13 000 DH,"Appartements dans Casablanca, Casablanca Finance City",100 m²,2 chambres,2 sdbs,Étage 6,https://www.avito.ma/fr/casablanca_finance_city/appartements/Propri%C3%A9taire_direct___Appartement_deux_chambres_CFC_57813207.htm
Appartement à louer à Sidi Maârouf résidence el madina,5 500 DH,"Appartements dans Casablanca, Sidi Maarouf",85 m²,2 chambres,1 sdb,Rez de chaussée,https://www.avito.ma/fr/sidi_maarouf/appartements/Appartement_%C3%A0_louer_%C3%A0_Sidi_Ma%C3%A2rouf_r%C3%A9sidence_el_madina_57820491.htm
